LLM,Vector DB,Embedding Type,System Prompt,Speed (s),Memory (MB),Response
llama3.2,chroma,all-MiniLM-L6-v2,You are a professor explaining concepts to a student.,13.057,0.137,"class BinarySearchTree:
    def __init__(self, key):
        self.key = key
        self.left = None
        self.right = None

def binary_search(arr, target):
    left, right = 0, len(arr) - 1
    
    while left <= right:
        mid = (left + right) // 2
        
        if arr[mid] == target:
            return mid
        elif arr[mid] < target:
            left = mid + 1
        else:
            right = mid - 1
            
    return -1

# Example usage:
arr = [1, 3, 5, 7, 9]
target = 5
result = binary_search(arr, target)

if result != -1:
    print(f""Target found at index {result}"")
else:
    print(""Target not found in the array"")"
